ID,VERSE,TYPE,GREEK,ENGLISH
40002001,Matt. 2:1,start,λεγοντες,saying
40003002,Matt. 3:2,start,και λεγων,saying
40005004,Matt. 5:4,order,μακαριοι οι πενθουντεσ  οτι αυτοι παρακληθησονται,"blessed are those who mourn, for they shall be comforted."
40005005,Matt. 5:5,order,μακαριοι οι πραεισ οτι αυτοι κληρονομησουσιν την γην,"blessed are the gentle, for they shall inherit the earth."
40009024,Matt. 9:24,start,ελεγεν,he was saying
40012050,Matt. 12:50,join,οστισ γαρ αν ποιηση το θελημα του πατροσ μου του εν ουρανοισ αυτοσ μου αδελφοσ και αδελφη και μητηρ εστιν,"for whoever does the will of my Father who is in heaven, he is my brother, and sister, and mother."
40015006,Matt. 15:6,start,[kai] ου μη τιμησει τον πατερα αυτου [η την μητερα αυτου],he does not need to honor his father [or mother]
40017015,Matt. 17:15,start,και λεγων,and saying
40020005,Matt. 20:5,start,οι δε απηλθον,and they went away
40021002,Matt. 21:2,start,λεγων αυτοις ,saying to them
40023013,Matt. 23:13,order,ουαι [δε] υμειν γραμματεισ και φαρισαιοι υποκριται οτι κλειεται την βασιλειαν των ουρανων ενπροσθεν των ανθρωπων υμεισ γαρ ουκ εισερχεσθαι ουδε τουσ εισερχομενουσ αφειεται εισελθειν,"but woe to you, scribes and Pharisees, hypocrites! Because you shut up the Kingdom of Heaven against men; for you don’t enter in yourselves, neither do you allow those who are entering in to enter."
40023014,Matt. 23:14,order,ουαι δε υμιν γραμματεισ και φαρισαιοι υποκριται οτι καταισθειεται τασ οικειασ των χηρων και προφασει μακρα προσευχομενοι δια τουτο λημψεσθαι περισσοτερον κριμα,"woe to you, scribes and Pharisees, hypocrites! For you devour widows’ houses, and as a pretense you make long prayers. Therefore you will receive greater condemnation."
40025014,Matt. 25:14,end,ευθεως,immediately
40026060,Matt. 26:60,end,υστερον δε προσελθοντες δυο,but later two having approached
40027049,Matt. 27:49,end*,αλλος δε λαβων λογχην ενυξεν αυτου την πλευραν και εξηλθεν υδωρ και αιμα,and another haven taken a spear pierced him on the side and out came water and blood
40028009,Matt. 28:9,start*,ως δε επορευοντο απαγγειλαι τοις μαθηταις αυτου,but as they were going to report to his disciples
41001023,Mark 1:23,end,και ανεκραξεν,and he cried out
41003016,Mark 3:16,start*,και εποιησεν τους δωδεκα,and he appointed the twelve
41003020,Mark 3:20,start,και ερχεται εις οικον,and he is came to a house
41006027,Mark 6:27,end,και απελθων απεκεφαλισεν αυτον εν τη φυλακη,and he went and beheaded him in the prison
41006033,Mark 6:23,end*,και συνηλθον προς αυτον,and came together to him
41009050,Mark 9:50,join,εχετε εν εαυτοις αλα και ειρηνευετε εν αλληλοις,"have salt in yourselves, and be at peace with one another"
41010033,Mark 10:33,start,οτι ιδου,behold
41010052,Mark 10:52,join,και ευθυς ανεβλεψεν και ηκολουθει αυτω εν τη οδω ,and immediately he received sight and was following after him on the way
41012014,Mark 12:14,end,δωμεν η μη δωμεν,"shall we give, or shall we not give"
41013008,Mark 13:8,end,αρχη ωδινων ταυτα,these things are the beginning of birth pains
42001073,Luke 1:73,end,του δουναι ημιν,to grant to us
42004018,Luke 4:18,end,κηρυξαι αιχμαλωτοις αφεσιν και τυφλοις αναβλεψιν αποστειλαι τεθραυσμενους εν αφεσει,"to proclaim release to the captives and the regaining of sight to the blind, to set free those who are oppressed"
42004034,Luke 4:34,start,λεγων,saying
42005038,Luke 5:38,end*,και αμφοτεροι συντηρουνται ,and both are preserved
42006018,Luke 6:18,start,οι ηλθον ακουσαι αυτου και ιαθηναι απο των νοσων αυτων,who came to hear him and to be healed of their diseases
42007018,Luke 7:18,end,και προσκαλεσαμενος δυο τινας των μαθητων αυτου ο ιωαννης,and John calling to himself two of his disciples
42014004,Luke 14:4,start,οι δε ησυχασαν ,but they remained silent
42014035,Luke 14:35,start,ουτε εισ  γην ουτε εισ κοπριαν ευθετον εστι εξω βαλλουσιν αυτο ο εχων ωτα ακουειν ακουετω,"it is fit neither for the soil nor for the manure pile, and it is thrown out. he who has ears to hear, let him hear"
42017036,Luke 17:36,end,και ο ετερος αφεθησεται,and the other left
42019038,Luke 19:38,start,λεγοντες,saying
42019042,Luke 19:42,start,λεγων,saying
42020023,Luke 20:23,end*,και των αρχιερεων,why are you testing me
42022067,Luke 22:67,start,λεγοντες,saying
42023023,Luke 23:23,end*,και των αρχιερεων,and the cheif priests
42023056,Luke 23:56,end,και το μεν σαββατον ησυχασαν κατα την εντολην ,and on the Sabbath they rested according to the commandment
42024045,Luke 24:45,end,και ειπεν αυτοις,and said to them
43001039,John 1:39,start,λεγει αυτοις,said to them
43004035,John 4:35,end,ηδη,already
43005003,John 5:3,end*,εκδεχομενων την του υδατος κινησιν ,waiting for the moving of the water
43007046,John 7:46,end*,ως ουτος ο ανθρωπος,as this man is speaking
43008006,John 7:6,end*,μη προσποιουμενος,not seeming to notice
43009011,John 9:11,end,απελθων ουν και νιψαμενος ανεβλεψα,"so I went away and washed, and I received sight"
43018012,John 18:12,end,και εδησαν αυτον,and bound him
44002011,Acts 2:11,start,ιουδαιοι τε και προσηλυτοι,both Jews and proselytes
44003001,Acts 3:1,start,επι το αυτο,with the same
44003020,Acts 3:20,start,οπως αν ελθωσιν καιροι αναψυξεως απο προσωπου του κυριου,so that there may come times of refreshing from the presence of the Lord
44004005,Acts 4:5,end,εν ιερουσαλημ,in Jerusalem
44005008,Acts 5:8,end,η δε ειπεν ναι τοσουτου,"and she said, Yes, for so much."
44005039,Acts 5:39,end,επεισθησαν δε αυτω,and they were persuaded by him
44009028,Acts 9:28,end,και παρρησιαζομενος εν τω ονοματι του κυριου ,and speaking boldly in the name of the Lord
44010006,Acts 10:6,end*,ουτος λαλησει σοι τι σε δει ποιειν,he will tell you what you should be doing
44010048,Acts 10:48,join,τοτε ηρωτησαν αυτον επιμειναι ημερας τινας,then they asked him to stay some days
44011026,Acts 11:26,start,και ευρων ηγαγεν εις αντιοχειαν,"and when he found him, he brought him to Antioch"
44013010,Acts 13:10,start,ειπεν,said
44013033,Acts 13:33,start,οτι ταυτην ο θεος εκπεπληρωκεν τοις τεκνοις αυτων ημιν αναστησας ιησουν,"that God has fulfilled this to us, their children, in that he raised up Jesus. "
44013038,Acts 13:38,end,και απο παντων ων ουκ ηδυνηθητε εν νομω μωυσεως δικαιωθηναι ,and from all things of which you were not able to be justified by the law of Moses
44018013,Acts 18:13,start,λεγοντες,saying
44019040,Acts 19:40,join,και ταυτα ειπων απελυσεν την εκκλησιαν,"and after he had said this, he dismissed the assembly"
44024002,Acts 24:2,end,πολλης ειρηνης τυγχανοντες δια σου και διορθωματων γινομενων τω εθνει τουτω δια της σης προνοιας,"because of you, we have enjoyed a lasting peace, and your foresight has brought improvements to this nation"
44024019,Acts 24:19,start,τινες δε απο της ασιας ιουδαιοι,but there are some Jews from Asia
45001029,Rom. 1:29,end,ψιθυριστας,gossips
45007010,Rom. 7:10,start,εγω δε απεθανον,and I died
45008020,Rom. 8:20,end,εφ ελπιδι,in hope
45009012,Rom. 9:12,start,ουκ εξ εργων αλλ εκ του καλουντος,not by works but by his calling
45014023,Rom. 14:23,join*,τω δε δυναμενω υμασ στηριξαι κατα το ευαγγελιον μου και το κηρυγμα ιυ χυ...,"Now to him who is able to establish you according to my Good News and the preaching of Jesus Christ, according to the revelation of the mystery which has been kept secret through long ages..."
46005010,1Cor. 5:10,start*,kai,and
46007033,1Cor. 7:33,end,[και] μεμερισται και η γυνη η αγαμος και η παρθενος,and he is divided. The unmarried woman or virgin 
46007034,1Cor. 7:34,start,μεριμνα τα του κυριου,is caring for the things of the Lord
47001007,2Cor. 1:7,start,και η ελπις ημων βεβαια υπερ υμων,and our hope for you is steadfast
47002011,2Cor. 2:11,start,ινα μη πλεονεκτηθωμεν υπο του σατανα,so that we may not be exploited by Satan
47002013,2Cor. 2:13,start,ουκ εσχηκα ανεσιν τω πνευματι μου τω μη ευρειν με τιτον τον αδελφον,"I had no relief for my spirit, because I didn’t find Titus my brother"
47005014,2Cor. 5:14,end,κριναντας τουτο οτι εις υπερ παντων απεθανεν αρα οι παντες απεθανον,"because we judge thus: that one died for all, therefore all died"
47008013,2Cor. 8:13,end,αλλ εξ ισοτητος,but of equality
47010004,2Cor. 10:4,end,λογισμους καθαιρουντες ,tearing down arguments
47011009,2Cor. 11:9,start,και παρων προς υμας και υστερηθεις ου κατεναρκησα ουθενος ,"when I was with you and was in need, I was not a burden to anyone"
47013012,2Cor. 13:12,end,ασπαζονται υμας οι αγιοι παντες,all the saints greet you
47013012,2Cor. 13:13,join,η χαρισ του κυ ιυ  και η αγαπη του θυ και η κοινωνια του αγιου πνευματοσ μετα παντων υμων,"the grace of the Lord Jesus Christ, God’s love, and the fellowship of the Holy Spirit be with you all. Amen"
48002019,Gal. 2:19,end,χριστω συνεσταυρωμαι ,I have been crucified with Christ
48005023,Gal. 5:23,start,πραυτης εγκρατεια,"gentleness, self-control"
49001010,Eph. 1:10,end,εν αυτω,in him
49002014,Eph. 2:14,end,την εχθραν εν τη σαρκι αυτου,having abolished in his flesh the hostility
49003017,Eph. 3:17,end,εν αγαπη ερριζωμενοι και τεθεμελιωμενοι,being rooted and grounded in love
49005013,Eph. 5:13,end,παν γαρ το φανερουμενον φως εστιν,for everything that reveals is light
50001016,Phil. 1:16,order,οι δε εξ εριθειασ τον χν καταγγελλουσιν ουχ αγνωσ οιομενοι θλιψιν εγιρειν τοισ δεσμοισ μου,"the former insincerely preach Christ from selfish ambition, thinking that they add affliction to my chains"
50001017,Phil. 1:76,order,οι μεν εξ αγαπησ ειδοτεσ οτι εισ απολογιαν του ευαγγελιου κειμαι,the latter do so from love because they know that I am placed here for the defense of the gospel
50002007,Phil. 2:7,end,και σχηματι ευρεθεις ως ανθρωπος,and being found in human form
50003013,Phil. 3:13,end,εν δε τα μεν οπισω επιλανθανομενος τοις δε εμπροσθεν επεκτεινομενος,but one thing I do: forgetting the things which are behind and stretching forward to the things which are before
51001022,Col. 1:22,start,νυνι δε αποκατηλλαξεν,but now he has reconciled you
52001002,1Thes. 1:2,end,αδιαλειπτως,unceasingly
52002007,1Thes. 2:7,start,δυναμενοι εν βαρει ειναι ως χριστου αποστολοι,"although we might have been burdensome, as the apostles of Christ"
52002012,1Thes. 2:12,start,παρακαλουντες υμας και παραμυθουμενοι,exhorting and encouraging you
57001012,Phlm. 1:12,start,ον ανεπεμψα σοι,whom I sent to you
57001012,Phlm. 1:12,end*,προσλαβου,receive him
57001024,Phlm. 1:24,start,μαρκος,Mark
58001002,Heb. 1:2,start,επ εσχατου των ημερων τουτων ελαλησεν ημιν εν υιω,in these last days he has spoken to us by his son
58003010,Heb. 3:10,start,τεσσερακοντα ετη,forty years
58007020,Heb. 7:20,end,οι μεν γαρ χωρις ορκωμοσιας εισιν ιερεις γεγονοτες,for they indeed have been made priests without an oath
58010022,Heb. 10:22,end,και λελουσμενοι το σωμα υδατι καθαρω,and having our body washed with pure water
58012022,Heb. 12:22,end,πανηγυρει,to the assembly
60002008,1Pet. 2:8,start,και λιθος προσκομματος και πετρα σκανδαλου,and a stumbling stone and a rock of offense
60003016,1Pet. 3:16,start,αλλα μετα πραυτητος και φοβου,but with gentleness and respect
62002014,1Jo. 2:14,start,εγραψα υμιν παιδια οτι εγνωκατε τον πατερα,"I have written to you, children, because you know the Father"
62004018,1Jo. 4:18,start,φοβος ουκ εστιν εν τη αγαπη,there is no fear in love
64001015,3Jo. 1:15,start,ειρηνη σοι ασπαζονται σε οι φιλοι ασπαζου τους φιλους κατ ονομα,Peace be to you. The friends greet you. Greet the friends by name.
65001023,Jude 1:23,start,ουσ δε [εν φοβω] σωζετε εκ πυρος αρπαζοντες,"and some save, snatching them out of the fire [with fear]"
66002028,Rev. 2:28,start,ως καγω ειληφα παρα του πατρος μου,as I also have received of my father
66006001,Rev. 6:1,end,και βλεπε,and see
66012018,Rev. 12:18,start,και εσταθη επι την αμμον τησ θαλασσησ,Then I [the dragon] stood on the sand of the sea
66013001,Rev. 13:1,start,και ιδον,and I saw
66017008,Rev. 17:8,start,το θηριον ο ειδες ην και ουκ εστιν και μελλει αναβαινειν εκ της αβυσσου και εις απωλειαν υπαγειν,"the beast that you saw was, and is not; and is about to come up out of the abyss and to go into destruction."
66017009,Rev. 17:9,end,και βασιλεις επτα εισιν,and they are seven kings
66018017,Rev. 18:17,start,οτι μια ωρα ηρημωθη ο τοσουτος πλουτος,because in an hour such great riches are made desolate
