"BibleId","VerseId","Content","VerseId"
BM,4013034,"Nous y avons vu aussi des géants, des enfants de Hanak, de la race des géants; et nous ne paraissions auprès d’eux que comme des sauterelles.",
BM,4030017,"Telles [sont] les ordonnances que l’Éternel commanda à Moïse d’entre l’homme et sa femme; d’entre le père et sa fille, étant [encore] dans la maison de son père, en sa jeunesse.",
BM,9020043,"David donc se leva, et s’en alla: et Jonathan rentra dans la ville.",
BM,9024023,Et David le jura à Saül: et Saül s’en alla en sa maison; et David et ses gens montèrent dans le lieu fort.,
BM,11022054,"Il servit Bahal, et se prosterna devant lui, et il irrita l’Éternel le Dieu d’Israël, comme avait fait son père.",
BM,18039031,"Elle habite sur les rochers, et elle s’y tient; [même] sur les sommets des rochers et dans des lieux forts.",
BM,18039032,"De là elle découvre le gibier, ses yeux voient de loin.",
BM,18039033,"Ses petits aussi sucent le sang, et où il y a des corps morts, elle y est [aussitôt].",
BM,18039034,"L’Éternel prit encore la parole, et dit:",
BM,18039035,"Celui qui conteste avec le Tout-puissant, [lui] apprendra-t-il quelque chose? Que celui qui dispute avec Dieu, réponde à ceci.",
BM,18039036,"Alors Job répondit à l’Éternel, et dit:",
BM,18039037,"Voici, je suis [un homme] vil: que te répondrai-je? Je mettrai ma main sur ma bouche.",
BM,18039038,"J’ai parlé une fois, mais je ne répondrai plus; j’ai même [parlé] deux [fois], mais je n’y retournerai plus.",
BM,18040025,Les compagnons feront-ils des festins sur lui? sera-t-il partagé entre les marchands?,
BM,18040026,Rempliras-tu sa peau de piquants? et sa tête [entrerait-elle] dans une nasse de poissons?,
BM,18040027,Mets ta main sur lui; il ne te souviendra jamais de [lui] faire la guerre.,
BM,18040028,"Voilà, l’espérance qu’on avait de le prendre est frustrée; [et] ne sera-t-on pas même pas atterré à son regard?",
BM,19003009,La délivrance [vient] de l’Éternel: ta bénédiction [est] sur ton peuple: Sélah.,
BM,19004009,"Je me coucherai et je dormirai aussi en paix: car toi seul, ô Éternel, me feras habiter en assurance.",
BM,19005013,"Car, ô Éternel, tu béniras le juste, et tu l’environneras de bienveillance comme d’un bouclier.",
BM,19006011,"Tous mes ennemis seront honteux et éperdus; ils s’en retourneront, ils seront confus en un moment.",
BM,19007018,"Je célébrerai l’Éternel selon sa justice, et je psalmodierai le Nom de l’Éternel souverain.",
BM,19008010,"Éternel notre Seigneur, que ton Nom [est] magnifique par toute la terre!",
BM,19009021,"Éternel, donne leur frayeur; [et] que les nations sachent qu’elles ne sont que des hommes [mortels]. Sélah.",
BM,19012009,"[Car] les méchants se promènent de toutes parts, tandis que des gens abjects sont élevés entre les fils des hommes.",
BM,19018051,"[C’est lui] qui délivre magnifiquement son Roi, et qui use de gratuité envers David son Oint, et envers sa postérité à jamais.",
BM,19019015,"Que les propos de ma bouche, et la méditation de mon coeur te soient agréables, ô Éternel, mon rocher, et mon Rédempteur.",
BM,19020010,"Éternel, délivre. Que le Roi nous réponde au jour que nous crierons.",
BM,19021014,"Élève-toi, Éternel, par ta force: [et] nous chanterons et psalmodierons ta puissance.",
BM,19022032,"Ils viendront, et ils publieront sa justice au peuple qui naîtra, parce qu’il aura fait [ces choses].",
BM,19030013,"Afin que [ma] gloire te psalmodie, et ne se taise point. Éternel, mon Dieu, je te célébrerai à toujours.",
BM,19031025,"Vous tous qui avez votre attente à l’Éternel, tenez bon, et il fortifiera votre coeur.",
BM,19034023,"[Pe.] L’Éternel rachète l’âme de ses serviteurs: et aucun de ceux qui se retirent vers lui, ne sera détruit.",
BM,19036013,"Là sont tombés les ouvriers d’iniquité, ils ont été poussés [à bas], et n’ont pu se relever.",
BM,19038023,"Hâte-toi [de venir] à mon aide, Seigneur, [qui es] ma délivrance.",
BM,19039014,"Retire-toi de moi, afin que je reprenne mes forces, avant que je m’en aille, et que je ne sois [plus].",
BM,19040018,"Or je suis affligé et misérable, [mais] le Seigneur a soin de moi: tu [es] mon aide et mon libérateur: mon Dieu ne tarde point.",
BM,19041014,"Béni soit l’Éternel, le Dieu d’Israël, de siècle en siècle. Amen: Amen.",
BM,19042012,"Mon âme, pourquoi t’abats-tu, et pourquoi frémis-tu au-dedans de moi? Attends-toi à Dieu: car je le célébrerai encore; [il est] la délivrance de mon regard, et mon Dieu.",
BM,19044027,"Lève-toi à notre aide, et nous délivre pour l’amour de ta gratuité.",
BM,19045018,"Je rendrai ton Nom mémorable dans tous les âges, et à cause de cela les peuples te célébreront à toujours et à perpétuité.",
BM,19046012,L’Éternel des armées [est] avec nous: le Dieu de Jacob nous [est] une haute retraite: Sélah.,
BM,19047010,Les principaux des peuples se sont assemblés [vers] le peuple du Dieu d’Abraham: car les boucliers de la terre [sont] à Dieu: il est grandement exalté.,
BM,19048015,Car c’est le Dieu qui [est] notre Dieu à toujours et à perpétuité: il nous accompagnera jusques à la mort.,
BM,19049021,"L’homme [qui est] en honneur, [et] n’a point d’intelligence, est semblable aux bêtes brutes [qui] périssent [entièrement]",
BM,19051020,"Fais du bien selon ta bienveillance à Sion, [et] édifie les murs de Jérusalem.",
BM,19051021,"Alors tu prendras plaisir aux sacrifices de justice, à l’holocauste, et aux sacrifices qui se consument entièrement par le feu: alors on offrira des veaux sur ton autel.",
BM,19052010,"Mais moi, [je serai] dans la maison de Dieu comme un olivier verdoyant. Je m’assure en la gratuité de Dieu pour toujours et à perpétuité.",
BM,19052011,"Je te célébrerai à jamais de ce que tu auras fait [ces choses]: et je m’attendrai à ton Nom, parce qu’il est bon envers tes bien-aimés.",
BM,19053007,"Ô qui donnera de Sion les délivrances d’Israël? Quand Dieu aura ramené son peuple captif, Jacob s’égayera, Israël se réjouira.",
BM,19054008,"Je te ferai sacrifice de bon coeur: Éternel, je célébrerai ton Nom, parce qu’[il est] bon.",
BM,19054009,Car il m’a délivré de toute détresse: et mon oeil a vu [ce qu’il voulait voir] en mes ennemis.,
BM,19055024,"Mais toi, ô Dieu, tu les précipiteras au puits de la perdition: les hommes sanguinaires et trompeurs ne parviendront point à la moitié de leurs jours: mais moi je m’assurerai en toi.",
BM,19056014,"Puisque tu as délivré mon âme de la mort, ne [garderais-tu] pas mes pieds de broncher, afin que je marche devant Dieu en la lumière des vivants?",
BM,19057012,"Ô Dieu, élève-toi sur les cieux, [et] que ta gloire [soit] sur toute la terre.",
BM,19058012,"Et chacun dira: Quoi qu’il en soit, il y a du fruit pour le juste: quoi qu’il en soit, il y a un Dieu qui juge en la terre.",
BM,19059018,"Ma force, je te psalmodierai: car Dieu [est] ma haute retraite, [et] le Dieu qui me favorise.",
BM,19060013,Donne-nous du secours [pour sortir] de détresse: car la délivrance [qu’on attend] de l’homme [est] vanité.,
BM,19060014,"Nous ferons des actions de valeur en Dieu, et il foulera nos ennemis.",
BM,19061009,"Ainsi je psalmodierai ton Nom à perpétuité, en rendant mes voeux chaque jour.",
BM,19062013,"Et [c’est] à toi, Seigneur, [qu’appartient] la gratuité: certainement tu rendras à chacun selon son oeuvre.",
BM,19063012,Mais le Roi se réjouira en Dieu: [et] quiconque jure par lui s’en glorifiera: car la bouche de ceux qui profèrent le mensonge sera fermée.,
BM,19064011,"Le juste se réjouira en l’Éternel, et se retirera vers lui: et tous ceux qui sont droits de coeur s’[en] glorifieront.",
BM,19065014,"Les campagnes sont revêtues de troupeaux, et les vallées sont couvertes de froment: elles en triomphent, et elles en chantent.",
BM,19067008,Dieu nous bénira: et tous les bouts de la terre le craindront.,
BM,19068036,"Ô Dieu, [tu es] redouté à cause de tes Sanctuaires. Le [Dieu] Fort d’Israël [est] celui qui donne force et puissance à [son] peuple: Béni [soit] Dieu.",
BM,19069037,"Et la postérité de ses serviteurs l’héritera, et ceux qui aiment son Nom demeureront en elle.",
BM,19070006,"Or je suis affligé et misérable: ô Dieu, hâte-toi [de venir] vers moi: tu [es] mon aide et mon libérateur: ô Éternel, ne tarde point.",
BM,19075011,Et je retrancherai toutes les Cornes des méchants: [mais] les Cornes du juste seront élevées.,
BM,19076013,Il vendange l’esprit des Conducteurs: il est redoutable aux Rois de la terre.,
BM,19077021,"Tu as mené ton peuple comme un troupeau, sous la conduite de Moïse et d’Aaron.",
BM,19080020,"Ô Éternel, Dieu des armées, ramène-nous, [et] fais reluire ta face: et nous serons délivrés.",
BM,19081017,"Et [Dieu] l’eût repu de la moelle du froment; et je t’eusse, [dit-il], rassasié du miel de la roche.",
BM,19083019,"Afin qu’on connaisse que toi seul, qui as nom l’Éternel, [es] Souverain sur toute la terre.",
BM,19084013,"Éternel des armées, ô que bienheureux [est] l’homme qui se confie en toi!",
BM,19085014,"La justice marchera devant lui, et il [la] mettra partout où il passera.",
BM,19088019,"Tu as éloigné de moi l’ami, même l’intime ami, et ceux de qui je suis connu [me sont] des ténèbres.",
BM,19089053,"Béni [soit] à toujours l’Éternel: Amen, Oui, Amen.",
BM,19092016,"Afin d’annoncer que l’Éternel [est] droit: [c’est] mon rocher, et [il] n’[y a] point d’injustice en lui.",
BM,19102029,"Les enfants de tes serviteurs habiteront [près de toi], et leur race sera établie devant toi.",
BM,19108014,"Nous ferons des actions de valeur en Dieu, et il foulera nos ennemis.",
BM,19140014,"Quoi qu’il en soit, les justes célébreront ton Nom, [et] les [hommes] droits habiteront devant ta face.",
BM,19142008,"Tire mon âme hors de prison, afin que je célèbre ton Nom: les justes viendront autour de moi, parce que tu m’auras fait ce bien.",
BM,21012015,"Le but de tout le propos qui a été ouï, [c’est]: Crains Dieu, et garde ses commandements: car c’[est] là le tout de l’homme.",
BM,21012016,"Parce que Dieu amènera toute oeuvre en jugement, touchant tout ce qui est caché, soit bien, soit mal.",
BM,23008023,"Car [il] n’[y a] point eu d’obscurité épaisse à celle qui a été affligée, au temps que le premier se déchargea légèrement vers le pays de Zabulon, et vers le pays de Nephthali; et que le dernier s’appesantit [sur] le chemin de la mer, au deçà du Jourdain dans la Galilée des Gentils.",
BM,26021033,"Et toi, fils d’homme, prophétise, et dis: Ainsi a dit le Seigneur l’Éternel touchant les enfants de Hammon, et touchant leur opprobre: dis donc: Épée, épée dégainée, fourbie pour faire la tuerie, pour consumer avec sa lueur;",
BM,26021034,"Pendant qu’on voit pour toi des visions de vanité, et qu’on devine pour toi le mensonge, afin qu’on te mette sur le cou des méchants [qui sont] mis à mort: desquels le jour est venu au temps de l’iniquité, [ce qui sera] sa fin.",
BM,26021035,"La remettrait-on dans son fourreau? je te jugerai sur le lieu auquel tu as été créé, au pays de ton extraction.",
BM,26021036,"Et je répandrai mon indignation sur toi, et j’allumerai sur toi le feu de ma fureur, et te livrerai entre les mains d’hommes brutaux, et forgeurs de destruction.",
BM,26021037,"Tu seras destiné au feu pour être dévoré; ton sang sera au milieu de la terre: il ne sera plus mémoire de toi, car [c’est] moi l’Éternel, [qui] ai parlé.",
BM,28012015,"[Mais] Éphraïm a provoqué [Dieu] à une amère indignation, c’est pourquoi on répandra son sang sur lui, et son Seigneur lui rendra son opprobre.",
BM,32002011,"Alors l’Éternel fit commandement au poisson, et il dégorgea Jonas sur le sec.",
